4	274	1	0	edge_label	0
578	502	1	0	edge_label	0
94	359	1	0	edge_label	0
532	800	1	0	edge_label	0
64	5	1	0	edge_label	0
423	376	1	0	edge_label	0
376	938	1	0	edge_label	0
973	814	1	0	edge_label	0
469	9	1	0	edge_label	0
158	492	1	0	edge_label	0
308	58	1	0	edge_label	0
526	387	1	0	edge_label	0
954	969	1	0	edge_label	0
774	8	1	0	edge_label	0
130	410	1	0	edge_label	0
321	384	1	0	edge_label	0
230	2	1	0	edge_label	0
290	58	1	0	edge_label	0
252	63	1	0	edge_label	0
898	508	1	0	edge_label	0
470	348	1	0	edge_label	0
11	73	1	0	edge_label	0
16	54	1	0	edge_label	0
16	5	1	0	edge_label	0
74	691	1	0	edge_label	0
751	273	1	0	edge_label	0
417	11	1	0	edge_label	0
207	64	1	0	edge_label	0
304	274	1	0	edge_label	0
414	422	1	0	edge_label	0
524	196	1	0	edge_label	0
752	148	1	0	edge_label	0
2	1	1	0	edge_label	0
55	283	1	0	edge_label	0
360	501	1	0	edge_label	0
629	579	1	0	edge_label	0
133	141	1	0	edge_label	0
64	314	1	0	edge_label	0
661	36	1	0	edge_label	0
660	276	1	0	edge_label	0
504	823	1	0	edge_label	0
148	85	1	0	edge_label	0
252	2	1	0	edge_label	0
532	698	1	0	edge_label	0
539	626	1	0	edge_label	0
797	752	1	0	edge_label	0
127	214	1	0	edge_label	0
297	800	1	0	edge_label	0
54	557	1	0	edge_label	0
394	126	1	0	edge_label	0
226	210	1	0	edge_label	0
410	251	1	0	edge_label	0
203	453	1	0	edge_label	0
270	266	1	0	edge_label	0
407	438	1	0	edge_label	0
173	223	1	0	edge_label	0
198	134	1	0	edge_label	0
251	672	1	0	edge_label	0
526	511	1	0	edge_label	0
402	387	1	0	edge_label	0
195	609	1	0	edge_label	0
195	119	1	0	edge_label	0
85	78	1	0	edge_label	0
261	11	1	0	edge_label	0
94	70	1	0	edge_label	0
254	729	1	0	edge_label	0
276	335	1	0	edge_label	0
723	692	1	0	edge_label	0
220	149	1	0	edge_label	0
801	609	1	0	edge_label	0
71	81	1	0	edge_label	0
908	969	1	0	edge_label	0
331	866	1	0	edge_label	0
601	245	1	0	edge_label	0
314	783	1	0	edge_label	0
532	252	1	0	edge_label	0
332	777	1	0	edge_label	0
70	695	1	0	edge_label	0
180	235	1	0	edge_label	0
761	751	1	0	edge_label	0
526	398	1	0	edge_label	0
953	78	1	0	edge_label	0
26	316	1	0	edge_label	0
1	48	1	0	edge_label	0
282	289	1	0	edge_label	0
953	142	1	0	edge_label	0
116	735	1	0	edge_label	0
242	301	1	0	edge_label	0
313	456	1	0	edge_label	0
835	27	1	0	edge_label	0
876	251	1	0	edge_label	0
42	26	1	0	edge_label	0
160	222	1	0	edge_label	0
261	285	1	0	edge_label	0
408	535	1	0	edge_label	0
446	789	1	0	edge_label	0
564	33	1	0	edge_label	0
644	880	1	0	edge_label	0
770	942	1	0	edge_label	0
11	23	1	0	edge_label	0
376	164	1	0	edge_label	0
297	377	1	0	edge_label	0
564	570	1	0	edge_label	0
783	957	1	0	edge_label	0
320	344	1	0	edge_label	0
269	5	1	0	edge_label	0
579	204	1	0	edge_label	0
961	813	1	0	edge_label	0
226	179	1	0	edge_label	0
876	4	1	0	edge_label	0
714	839	1	0	edge_label	0
484	417	1	0	edge_label	0
605	32	1	0	edge_label	0
2	164	1	0	edge_label	0
766	331	1	0	edge_label	0
282	259	1	0	edge_label	0
461	571	1	0	edge_label	0
32	695	1	0	edge_label	0
453	383	1	0	edge_label	0
994	991	1	0	edge_label	0
206	737	1	0	edge_label	0
188	191	1	0	edge_label	0
320	314	1	0	edge_label	0
241	211	1	0	edge_label	0
5	51	1	0	edge_label	0
94	220	1	0	edge_label	0
664	501	1	0	edge_label	0
259	401	1	0	edge_label	0
26	203	1	0	edge_label	0
182	619	1	0	edge_label	0
891	770	1	0	edge_label	0
183	380	1	0	edge_label	0
9	352	1	0	edge_label	0
914	726	1	0	edge_label	0
391	398	1	0	edge_label	0
314	438	1	0	edge_label	0
258	23	1	0	edge_label	0
234	157	1	0	edge_label	0
376	417	1	0	edge_label	0
82	283	1	0	edge_label	0
266	329	1	0	edge_label	0
157	504	1	0	edge_label	0
54	289	1	0	edge_label	0
105	255	1	0	edge_label	0
526	761	1	0	edge_label	0
782	234	1	0	edge_label	0
300	285	1	0	edge_label	0
456	710	1	0	edge_label	0
137	195	1	0	edge_label	0
430	203	1	0	edge_label	0
703	144	1	0	edge_label	0
5	199	1	0	edge_label	0
814	946	1	0	edge_label	0
661	127	1	0	edge_label	0
161	157	1	0	edge_label	0
508	533	1	0	edge_label	0
269	290	1	0	edge_label	0
517	519	1	0	edge_label	0
283	48	1	0	edge_label	0
807	50	1	0	edge_label	0
1	63	1	0	edge_label	0
551	550	1	0	edge_label	0
196	269	1	0	edge_label	0
463	461	1	0	edge_label	0
704	696	1	0	edge_label	0
908	798	1	0	edge_label	0
101	102	1	0	edge_label	0
219	134	1	0	edge_label	0
963	85	1	0	edge_label	0
633	276	1	0	edge_label	0
57	805	1	0	edge_label	0
415	430	1	0	edge_label	0
585	241	1	0	edge_label	0
204	189	1	0	edge_label	0
266	1	1	0	edge_label	0
598	813	1	0	edge_label	0
504	619	1	0	edge_label	0
892	648	1	0	edge_label	0
484	380	1	0	edge_label	0
762	512	1	0	edge_label	0
636	127	1	0	edge_label	0
203	101	1	0	edge_label	0
57	19	1	0	edge_label	0
859	828	1	0	edge_label	0
851	609	1	0	edge_label	0
644	17	1	0	edge_label	0
241	203	1	0	edge_label	0
42	36	1	0	edge_label	0
347	363	1	0	edge_label	0
862	918	1	0	edge_label	0
711	213	1	0	edge_label	0
4	766	1	0	edge_label	0
141	158	1	0	edge_label	0
35	89	1	0	edge_label	0
110	324	1	0	edge_label	0
377	262	1	0	edge_label	0
627	636	1	0	edge_label	0
783	782	1	0	edge_label	0
820	324	1	0	edge_label	0
957	839	1	0	edge_label	0
195	289	1	0	edge_label	0
64	446	1	0	edge_label	0
213	612	1	0	edge_label	0
759	571	1	0	edge_label	0
141	26	1	0	edge_label	0
64	11	1	0	edge_label	0
94	219	1	0	edge_label	0
476	539	1	0	edge_label	0
104	571	1	0	edge_label	0
214	98	1	0	edge_label	0
407	695	1	0	edge_label	0
35	42	1	0	edge_label	0
535	35	1	0	edge_label	0
86	226	1	0	edge_label	0
816	976	1	0	edge_label	0
785	729	1	0	edge_label	0
219	86	1	0	edge_label	0
307	277	1	0	edge_label	0
523	939	1	0	edge_label	0
536	926	1	0	edge_label	0
673	915	1	0	edge_label	0
550	570	1	0	edge_label	0
39	665	1	0	edge_label	0
363	418	1	0	edge_label	0
782	63	1	0	edge_label	0
33	298	1	0	edge_label	0
126	445	1	0	edge_label	0
570	602	1	0	edge_label	0
407	196	1	0	edge_label	0
226	168	1	0	edge_label	0
82	127	1	0	edge_label	0
204	66	1	0	edge_label	0
879	938	1	0	edge_label	0
304	547	1	0	edge_label	0
636	192	1	0	edge_label	0
258	384	1	0	edge_label	0
161	158	1	0	edge_label	0
523	641	1	0	edge_label	0
410	479	1	0	edge_label	0
504	563	1	0	edge_label	0
214	211	1	0	edge_label	0
634	945	1	0	edge_label	0
792	960	1	0	edge_label	0
252	5	1	0	edge_label	0
323	4	1	0	edge_label	0
410	160	1	0	edge_label	0
129	35	1	0	edge_label	0
142	127	1	0	edge_label	0
629	754	1	0	edge_label	0
535	532	1	0	edge_label	0
219	157	1	0	edge_label	0
689	105	1	0	edge_label	0
88	612	1	0	edge_label	0
95	97	1	0	edge_label	0
219	203	1	0	edge_label	0
94	35	1	0	edge_label	0
252	1	1	0	edge_label	0
204	210	1	0	edge_label	0
58	51	1	0	edge_label	0
16	66	1	0	edge_label	0
345	157	1	0	edge_label	0
320	813	1	0	edge_label	0
820	657	1	0	edge_label	0
168	51	1	0	edge_label	0
476	102	1	0	edge_label	0
540	636	1	0	edge_label	0
78	64	1	0	edge_label	0
417	722	1	0	edge_label	0
329	51	1	0	edge_label	0
386	907	1	0	edge_label	0
682	679	1	0	edge_label	0
501	517	1	0	edge_label	0
16	1	1	0	edge_label	0
145	644	1	0	edge_label	0
751	2	1	0	edge_label	0
516	526	1	0	edge_label	0
594	726	1	0	edge_label	0
376	4	1	0	edge_label	0
134	40	1	0	edge_label	0
66	277	1	0	edge_label	0
616	351	1	0	edge_label	0
586	57	1	0	edge_label	0
563	74	1	0	edge_label	0
1	136	1	0	edge_label	0
801	917	1	0	edge_label	0
2	129	1	0	edge_label	0
4	74	1	0	edge_label	0
761	535	1	0	edge_label	0
438	630	1	0	edge_label	0
627	911	1	0	edge_label	0
16	516	1	0	edge_label	0
255	35	1	0	edge_label	0
78	16	1	0	edge_label	0
418	73	1	0	edge_label	0
26	286	1	0	edge_label	0
613	363	1	0	edge_label	0
660	136	1	0	edge_label	0
329	94	1	0	edge_label	0
573	597	1	0	edge_label	0
203	175	1	0	edge_label	0
408	907	1	0	edge_label	0
985	563	1	0	edge_label	0
658	917	1	0	edge_label	0
282	300	1	0	edge_label	0
838	862	1	0	edge_label	0
751	766	1	0	edge_label	0
582	505	1	0	edge_label	0
469	908	1	0	edge_label	0
679	126	1	0	edge_label	0
64	751	1	0	edge_label	0
519	141	1	0	edge_label	0
11	4	1	0	edge_label	0
446	383	1	0	edge_label	0
519	754	1	0	edge_label	0
658	723	1	0	edge_label	0
945	898	1	0	edge_label	0
891	894	1	0	edge_label	0
884	277	1	0	edge_label	0
50	94	1	0	edge_label	0
320	23	1	0	edge_label	0
595	860	1	0	edge_label	0
386	379	1	0	edge_label	0
601	188	1	0	edge_label	0
42	761	1	0	edge_label	0
175	214	1	0	edge_label	0
923	255	1	0	edge_label	0
274	9	1	0	edge_label	0
17	151	1	0	edge_label	0
198	167	1	0	edge_label	0
141	648	1	0	edge_label	0
532	539	1	0	edge_label	0
269	23	1	0	edge_label	0
113	595	1	0	edge_label	0
335	329	1	0	edge_label	0
844	9	1	0	edge_label	0
64	17	1	0	edge_label	0
137	509	1	0	edge_label	0
629	4	1	0	edge_label	0
769	505	1	0	edge_label	0
380	391	1	0	edge_label	0
379	422	1	0	edge_label	0
751	8	1	0	edge_label	0
441	464	1	0	edge_label	0
149	649	1	0	edge_label	0
547	274	1	0	edge_label	0
523	24	1	0	edge_label	0
758	887	1	0	edge_label	0
891	422	1	0	edge_label	0
588	776	1	0	edge_label	0
51	504	1	0	edge_label	0
790	852	1	0	edge_label	0
616	85	1	0	edge_label	0
314	81	1	0	edge_label	0
101	516	1	0	edge_label	0
532	380	1	0	edge_label	0
792	601	1	0	edge_label	0
657	547	1	0	edge_label	0
581	595	1	0	edge_label	0
352	105	1	0	edge_label	0
102	220	1	0	edge_label	0
110	33	1	0	edge_label	0
977	869	1	0	edge_label	0
234	285	1	0	edge_label	0
953	847	1	0	edge_label	0
441	505	1	0	edge_label	0
35	4	1	0	edge_label	0
938	883	1	0	edge_label	0
192	127	1	0	edge_label	0
161	629	1	0	edge_label	0
276	495	1	0	edge_label	0
70	8	1	0	edge_label	0
16	81	1	0	edge_label	0
293	289	1	0	edge_label	0
941	206	1	0	edge_label	0
259	314	1	0	edge_label	0
5	633	1	0	edge_label	0
752	755	1	0	edge_label	0
136	151	1	0	edge_label	0
789	320	1	0	edge_label	0
448	573	1	0	edge_label	0
199	726	1	0	edge_label	0
820	258	1	0	edge_label	0
226	425	1	0	edge_label	0
189	698	1	0	edge_label	0
12	432	1	0	edge_label	0
2	19	1	0	edge_label	0
847	800	1	0	edge_label	0
66	439	1	0	edge_label	0
642	953	1	0	edge_label	0
36	516	1	0	edge_label	0
829	392	1	0	edge_label	0
616	204	1	0	edge_label	0
612	838	1	0	edge_label	0
956	894	1	0	edge_label	0
255	316	1	0	edge_label	0
987	970	1	0	edge_label	0
729	823	1	0	edge_label	0
5	524	1	0	edge_label	0
883	696	1	0	edge_label	0
491	855	1	0	edge_label	0
367	852	1	0	edge_label	0
713	479	1	0	edge_label	0
126	189	1	0	edge_label	0
145	411	1	0	edge_label	0
43	35	1	0	edge_label	0
85	27	1	0	edge_label	0
414	448	1	0	edge_label	0
160	508	1	0	edge_label	0
94	223	1	0	edge_label	0
130	448	1	0	edge_label	0
665	877	1	0	edge_label	0
626	675	1	0	edge_label	0
524	23	1	0	edge_label	0
105	182	1	0	edge_label	0
394	894	1	0	edge_label	0
261	129	1	0	edge_label	0
891	945	1	0	edge_label	0
270	848	1	0	edge_label	0
535	105	1	0	edge_label	0
751	516	1	0	edge_label	0
5	79	1	0	edge_label	0
237	145	1	0	edge_label	0
516	207	1	0	edge_label	0
195	160	1	0	edge_label	0
616	86	1	0	edge_label	0
502	2	1	0	edge_label	0
329	391	1	0	edge_label	0
828	831	1	0	edge_label	0
509	8	1	0	edge_label	0
1	564	1	0	edge_label	0
407	720	1	0	edge_label	0
839	344	1	0	edge_label	0
66	88	1	0	edge_label	0
148	991	1	0	edge_label	0
195	245	1	0	edge_label	0
609	859	1	0	edge_label	0
110	81	1	0	edge_label	0
644	16	1	0	edge_label	0
777	262	1	0	edge_label	0
532	505	1	0	edge_label	0
564	64	1	0	edge_label	0
542	597	1	0	edge_label	0
675	26	1	0	edge_label	0
40	164	1	0	edge_label	0
23	24	1	0	edge_label	0
355	449	1	0	edge_label	0
758	754	1	0	edge_label	0
70	1	1	0	edge_label	0
408	719	1	0	edge_label	0
626	652	1	0	edge_label	0
58	158	1	0	edge_label	0
354	292	1	0	edge_label	0
70	210	1	0	edge_label	0
42	914	1	0	edge_label	0
766	422	1	0	edge_label	0
261	511	1	0	edge_label	0
831	4	1	0	edge_label	0
501	844	1	0	edge_label	0
2	9	1	0	edge_label	0
945	976	1	0	edge_label	0
908	828	1	0	edge_label	0
195	198	1	0	edge_label	0
395	332	1	0	edge_label	0
269	331	1	0	edge_label	0
886	292	1	0	edge_label	0
227	43	1	0	edge_label	0
23	773	1	0	edge_label	0
509	630	1	0	edge_label	0
401	26	1	0	edge_label	0
808	176	1	0	edge_label	0
673	557	1	0	edge_label	0
258	290	1	0	edge_label	0
377	316	1	0	edge_label	0
16	35	1	0	edge_label	0
297	359	1	0	edge_label	0
767	377	1	0	edge_label	0
609	1	1	0	edge_label	0
504	695	1	0	edge_label	0
219	453	1	0	edge_label	0
672	203	1	0	edge_label	0
456	526	1	0	edge_label	0
616	54	1	0	edge_label	0
78	79	1	0	edge_label	0
954	555	1	0	edge_label	0
786	805	1	0	edge_label	0
16	126	1	0	edge_label	0
505	127	1	0	edge_label	0
63	78	1	0	edge_label	0
313	40	1	0	edge_label	0
211	78	1	0	edge_label	0
578	145	1	0	edge_label	0
594	43	1	0	edge_label	0
469	442	1	0	edge_label	0
252	259	1	0	edge_label	0
469	473	1	0	edge_label	0
2	321	1	0	edge_label	0
422	157	1	0	edge_label	0
82	332	1	0	edge_label	0
636	792	1	0	edge_label	0
433	24	1	0	edge_label	0
32	251	1	0	edge_label	0
17	16	1	0	edge_label	0
11	1	1	0	edge_label	0
783	785	1	0	edge_label	0
35	285	1	0	edge_label	0
801	48	1	0	edge_label	0
126	196	1	0	edge_label	0
832	831	1	0	edge_label	0
523	766	1	0	edge_label	0
504	536	1	0	edge_label	0
158	63	1	0	edge_label	0
112	547	1	0	edge_label	0
636	5	1	0	edge_label	0
348	161	1	0	edge_label	0
658	907	1	0	edge_label	0
366	316	1	0	edge_label	0
776	566	1	0	edge_label	0
86	74	1	0	edge_label	0
399	773	1	0	edge_label	0
917	32	1	0	edge_label	0
595	32	1	0	edge_label	0
47	172	1	0	edge_label	0
70	988	1	0	edge_label	0
4	23	1	0	edge_label	0
689	877	1	0	edge_label	0
1	73	1	0	edge_label	0
149	392	1	0	edge_label	0
391	574	1	0	edge_label	0
869	914	1	0	edge_label	0
266	652	1	0	edge_label	0
383	254	1	0	edge_label	0
754	251	1	0	edge_label	0
383	133	1	0	edge_label	0
141	266	1	0	edge_label	0
63	501	1	0	edge_label	0
129	730	1	0	edge_label	0
32	126	1	0	edge_label	0
63	519	1	0	edge_label	0
313	9	1	0	edge_label	0
415	283	1	0	edge_label	0
754	254	1	0	edge_label	0
570	261	1	0	edge_label	0
532	300	1	0	edge_label	0
504	630	1	0	edge_label	0
1	377	1	0	edge_label	0
119	19	1	0	edge_label	0
563	95	1	0	edge_label	0
485	71	1	0	edge_label	0
305	48	1	0	edge_label	0
629	657	1	0	edge_label	0
985	658	1	0	edge_label	0
438	491	1	0	edge_label	0
133	32	1	0	edge_label	0
323	354	1	0	edge_label	0
198	273	1	0	edge_label	0
994	886	1	0	edge_label	0
511	152	1	0	edge_label	0
86	175	1	0	edge_label	0
255	273	1	0	edge_label	0
759	945	1	0	edge_label	0
238	369	1	0	edge_label	0
289	292	1	0	edge_label	0
283	300	1	0	edge_label	0
79	203	1	0	edge_label	0
754	540	1	0	edge_label	0
377	133	1	0	edge_label	0
267	423	1	0	edge_label	0
759	758	1	0	edge_label	0
832	581	1	0	edge_label	0
502	501	1	0	edge_label	0
704	711	1	0	edge_label	0
813	472	1	0	edge_label	0
206	222	1	0	edge_label	0
9	461	1	0	edge_label	0
24	301	1	0	edge_label	0
946	320	1	0	edge_label	0
32	536	1	0	edge_label	0
501	891	1	0	edge_label	0
519	126	1	0	edge_label	0
196	195	1	0	edge_label	0
141	550	1	0	edge_label	0
532	604	1	0	edge_label	0
183	741	1	0	edge_label	0
189	470	1	0	edge_label	0
16	269	1	0	edge_label	0
555	722	1	0	edge_label	0
241	119	1	0	edge_label	0
540	805	1	0	edge_label	0
344	347	1	0	edge_label	0
658	665	1	0	edge_label	0
252	328	1	0	edge_label	0
289	352	1	0	edge_label	0
384	137	1	0	edge_label	0
855	354	1	0	edge_label	0
604	445	1	0	edge_label	0
991	976	1	0	edge_label	0
523	571	1	0	edge_label	0
4	762	1	0	edge_label	0
578	585	1	0	edge_label	0
699	973	1	0	edge_label	0
314	266	1	0	edge_label	0
19	5	1	0	edge_label	0
472	157	1	0	edge_label	0
557	629	1	0	edge_label	0
469	407	1	0	edge_label	0
134	387	1	0	edge_label	0
33	17	1	0	edge_label	0
57	120	1	0	edge_label	0
255	313	1	0	edge_label	0
282	783	1	0	edge_label	0
484	532	1	0	edge_label	0
63	710	1	0	edge_label	0
251	907	1	0	edge_label	0
54	51	1	0	edge_label	0
347	73	1	0	edge_label	0
9	258	1	0	edge_label	0
301	323	1	0	edge_label	0
9	814	1	0	edge_label	0
189	258	1	0	edge_label	0
773	899	1	0	edge_label	0
320	377	1	0	edge_label	0
644	81	1	0	edge_label	0
963	383	1	0	edge_label	0
394	922	1	0	edge_label	0
752	564	1	0	edge_label	0
130	157	1	0	edge_label	0
737	642	1	0	edge_label	0
380	379	1	0	edge_label	0
137	637	1	0	edge_label	0
769	360	1	0	edge_label	0
335	304	1	0	edge_label	0
823	960	1	0	edge_label	0
85	589	1	0	edge_label	0
230	214	1	0	edge_label	0
51	161	1	0	edge_label	0
305	149	1	0	edge_label	0
12	11	1	0	edge_label	0
520	571	1	0	edge_label	0
453	835	1	0	edge_label	0
126	151	1	0	edge_label	0
429	391	1	0	edge_label	0
314	283	1	0	edge_label	0
626	129	1	0	edge_label	0
203	438	1	0	edge_label	0
547	710	1	0	edge_label	0
626	398	1	0	edge_label	0
78	172	1	0	edge_label	0
317	314	1	0	edge_label	0
47	657	1	0	edge_label	0
8	79	1	0	edge_label	0
869	289	1	0	edge_label	0
713	808	1	0	edge_label	0
581	417	1	0	edge_label	0
305	930	1	0	edge_label	0
445	85	1	0	edge_label	0
884	977	1	0	edge_label	0
254	262	1	0	edge_label	0
939	816	1	0	edge_label	0
508	601	1	0	edge_label	0
88	714	1	0	edge_label	0
136	26	1	0	edge_label	0
832	286	1	0	edge_label	0
751	261	1	0	edge_label	0
438	501	1	0	edge_label	0
392	386	1	0	edge_label	0
394	449	1	0	edge_label	0
501	688	1	0	edge_label	0
948	418	1	0	edge_label	0
898	758	1	0	edge_label	0
901	198	1	0	edge_label	0
26	158	1	0	edge_label	0
227	445	1	0	edge_label	0
408	984	1	0	edge_label	0
797	516	1	0	edge_label	0
141	16	1	0	edge_label	0
71	133	1	0	edge_label	0
134	237	1	0	edge_label	0
407	297	1	0	edge_label	0
696	695	1	0	edge_label	0
301	988	1	0	edge_label	0
835	751	1	0	edge_label	0
258	73	1	0	edge_label	0
286	785	1	0	edge_label	0
336	101	1	0	edge_label	0
362	120	1	0	edge_label	0
751	563	1	0	edge_label	0
557	797	1	0	edge_label	0
300	862	1	0	edge_label	0
657	660	1	0	edge_label	0
19	519	1	0	edge_label	0
767	33	1	0	edge_label	0
320	352	1	0	edge_label	0
110	16	1	0	edge_label	0
547	523	1	0	edge_label	0
82	79	1	0	edge_label	0
266	394	1	0	edge_label	0
567	219	1	0	edge_label	0
901	667	1	0	edge_label	0
930	658	1	0	edge_label	0
254	129	1	0	edge_label	0
347	948	1	0	edge_label	0
97	453	1	0	edge_label	0
67	258	1	0	edge_label	0
335	339	1	0	edge_label	0
23	54	1	0	edge_label	0
360	321	1	0	edge_label	0
469	104	1	0	edge_label	0
939	379	1	0	edge_label	0
142	642	1	0	edge_label	0
24	141	1	0	edge_label	0
251	511	1	0	edge_label	0
16	766	1	0	edge_label	0
532	907	1	0	edge_label	0
633	376	1	0	edge_label	0
32	604	1	0	edge_label	0
134	9	1	0	edge_label	0
502	634	1	0	edge_label	0
582	570	1	0	edge_label	0
407	289	1	0	edge_label	0
127	134	1	0	edge_label	0
47	141	1	0	edge_label	0
2	12	1	0	edge_label	0
160	11	1	0	edge_label	0
188	698	1	0	edge_label	0
50	54	1	0	edge_label	0
730	423	1	0	edge_label	0
126	251	1	0	edge_label	0
585	277	1	0	edge_label	0
554	57	1	0	edge_label	0
267	160	1	0	edge_label	0
994	366	1	0	edge_label	0
377	752	1	0	edge_label	0
211	710	1	0	edge_label	0
517	2	1	0	edge_label	0
219	366	1	0	edge_label	0
884	167	1	0	edge_label	0
917	925	1	0	edge_label	0
586	207	1	0	edge_label	0
48	40	1	0	edge_label	0
588	619	1	0	edge_label	0
648	987	1	0	edge_label	0
445	547	1	0	edge_label	0
237	612	1	0	edge_label	0
972	722	1	0	edge_label	0
533	566	1	0	edge_label	0
16	547	1	0	edge_label	0
105	120	1	0	edge_label	0
9	26	1	0	edge_label	0
504	316	1	0	edge_label	0
266	144	1	0	edge_label	0
752	262	1	0	edge_label	0
259	8	1	0	edge_label	0
126	657	1	0	edge_label	0
449	567	1	0	edge_label	0
713	558	1	0	edge_label	0
682	800	1	0	edge_label	0
770	532	1	0	edge_label	0
377	469	1	0	edge_label	0
598	729	1	0	edge_label	0
79	464	1	0	edge_label	0
376	19	1	0	edge_label	0
54	554	1	0	edge_label	0
73	449	1	0	edge_label	0
598	509	1	0	edge_label	0
692	207	1	0	edge_label	0
776	558	1	0	edge_label	0
869	800	1	0	edge_label	0
164	195	1	0	edge_label	0
2	536	1	0	edge_label	0
380	129	1	0	edge_label	0
533	376	1	0	edge_label	0
800	798	1	0	edge_label	0
79	17	1	0	edge_label	0
289	891	1	0	edge_label	0
176	109	1	0	edge_label	0
797	877	1	0	edge_label	0
300	418	1	0	edge_label	0
8	5	1	0	edge_label	0
17	57	1	0	edge_label	0
683	786	1	0	edge_label	0
42	12	1	0	edge_label	0
571	516	1	0	edge_label	0
344	39	1	0	edge_label	0
255	1	1	0	edge_label	0
379	894	1	0	edge_label	0
407	441	1	0	edge_label	0
20	26	1	0	edge_label	0
66	1	1	0	edge_label	0
1	141	1	0	edge_label	0
282	94	1	0	edge_label	0
112	110	1	0	edge_label	0
426	36	1	0	edge_label	0
547	50	1	0	edge_label	0
504	754	1	0	edge_label	0
877	173	1	0	edge_label	0
777	963	1	0	edge_label	0
64	508	1	0	edge_label	0
758	16	1	0	edge_label	0
505	512	1	0	edge_label	0
735	722	1	0	edge_label	0
20	39	1	0	edge_label	0
79	535	1	0	edge_label	0
542	602	1	0	edge_label	0
777	838	1	0	edge_label	0
328	297	1	0	edge_label	0
189	448	1	0	edge_label	0
32	627	1	0	edge_label	0
266	835	1	0	edge_label	0
453	1	1	0	edge_label	0
116	235	1	0	edge_label	0
286	348	1	0	edge_label	0
252	439	1	0	edge_label	0
994	862	1	0	edge_label	0
578	617	1	0	edge_label	0
439	508	1	0	edge_label	0
754	941	1	0	edge_label	0
442	446	1	0	edge_label	0
892	252	1	0	edge_label	0
516	641	1	0	edge_label	0
696	485	1	0	edge_label	0
19	237	1	0	edge_label	0
5	394	1	0	edge_label	0
210	66	1	0	edge_label	0
813	442	1	0	edge_label	0
752	441	1	0	edge_label	0
582	78	1	0	edge_label	0
535	594	1	0	edge_label	0
535	942	1	0	edge_label	0
64	320	1	0	edge_label	0
782	798	1	0	edge_label	0
314	527	1	0	edge_label	0
626	71	1	0	edge_label	0
94	4	1	0	edge_label	0
141	394	1	0	edge_label	0
798	767	1	0	edge_label	0
604	4	1	0	edge_label	0
612	661	1	0	edge_label	0
626	2	1	0	edge_label	0
258	344	1	0	edge_label	0
23	40	1	0	edge_label	0
720	105	1	0	edge_label	0
910	141	1	0	edge_label	0
117	102	1	0	edge_label	0
126	133	1	0	edge_label	0
526	571	1	0	edge_label	0
20	51	1	0	edge_label	0
957	933	1	0	edge_label	0
66	73	1	0	edge_label	0
297	797	1	0	edge_label	0
807	891	1	0	edge_label	0
477	439	1	0	edge_label	0
422	290	1	0	edge_label	0
504	554	1	0	edge_label	0
321	355	1	0	edge_label	0
157	126	1	0	edge_label	0
664	636	1	0	edge_label	0
71	566	1	0	edge_label	0
509	359	1	0	edge_label	0
133	379	1	0	edge_label	0
207	192	1	0	edge_label	0
144	402	1	0	edge_label	0
300	254	1	0	edge_label	0
320	8	1	0	edge_label	0
793	915	1	0	edge_label	0
891	439	1	0	edge_label	0
11	8	1	0	edge_label	0
4	142	1	0	edge_label	0
754	535	1	0	edge_label	0
273	770	1	0	edge_label	0
24	578	1	0	edge_label	0
929	972	1	0	edge_label	0
173	894	1	0	edge_label	0
755	573	1	0	edge_label	0
144	160	1	0	edge_label	0
402	807	1	0	edge_label	0
54	26	1	0	edge_label	0
328	269	1	0	edge_label	0
116	55	1	0	edge_label	0
594	597	1	0	edge_label	0
79	703	1	0	edge_label	0
688	719	1	0	edge_label	0
57	664	1	0	edge_label	0
227	352	1	0	edge_label	0
35	501	1	0	edge_label	0
817	836	1	0	edge_label	0
501	1	1	0	edge_label	0
673	752	1	0	edge_label	0
266	838	1	0	edge_label	0
102	377	1	0	edge_label	0
273	148	1	0	edge_label	0
4	782	1	0	edge_label	0
445	438	1	0	edge_label	0
189	67	1	0	edge_label	0
770	502	1	0	edge_label	0
880	411	1	0	edge_label	0
366	547	1	0	edge_label	0
97	234	1	0	edge_label	0
267	270	1	0	edge_label	0
142	5	1	0	edge_label	0
633	133	1	0	edge_label	0
879	800	1	0	edge_label	0
542	573	1	0	edge_label	0
175	422	1	0	edge_label	0
8	134	1	0	edge_label	0
89	369	1	0	edge_label	0
183	35	1	0	edge_label	0
316	297	1	0	edge_label	0
417	414	1	0	edge_label	0
219	230	1	0	edge_label	0
526	2	1	0	edge_label	0
313	48	1	0	edge_label	0
752	767	1	0	edge_label	0
578	589	1	0	edge_label	0
539	672	1	0	edge_label	0
196	158	1	0	edge_label	0
64	58	1	0	edge_label	0
429	484	1	0	edge_label	0
129	636	1	0	edge_label	0
969	258	1	0	edge_label	0
42	581	1	0	edge_label	0
439	1	1	0	edge_label	0
104	142	1	0	edge_label	0
86	714	1	0	edge_label	0
938	985	1	0	edge_label	0
195	127	1	0	edge_label	0
16	20	1	0	edge_label	0
813	1	1	0	edge_label	0
167	362	1	0	edge_label	0
831	282	1	0	edge_label	0
324	24	1	0	edge_label	0
442	477	1	0	edge_label	0
198	199	1	0	edge_label	0
71	137	1	0	edge_label	0
698	19	1	0	edge_label	0
137	126	1	0	edge_label	0
751	895	1	0	edge_label	0
40	637	1	0	edge_label	0
539	883	1	0	edge_label	0
42	661	1	0	edge_label	0
74	536	1	0	edge_label	0
609	536	1	0	edge_label	0
24	648	1	0	edge_label	0
676	658	1	0	edge_label	0
94	313	1	0	edge_label	0
20	630	1	0	edge_label	0
254	761	1	0	edge_label	0
664	2	1	0	edge_label	0
761	785	1	0	edge_label	0
133	136	1	0	edge_label	0
4	394	1	0	edge_label	0
594	907	1	0	edge_label	0
535	867	1	0	edge_label	0
47	17	1	0	edge_label	0
620	610	1	0	edge_label	0
863	110	1	0	edge_label	0
539	71	1	0	edge_label	0
508	564	1	0	edge_label	0
36	352	1	0	edge_label	0
47	251	1	0	edge_label	0
164	54	1	0	edge_label	0
1	4	1	0	edge_label	0
86	338	1	0	edge_label	0
151	479	1	0	edge_label	0
32	136	1	0	edge_label	0
491	460	1	0	edge_label	0
17	58	1	0	edge_label	0
40	5	1	0	edge_label	0
133	8	1	0	edge_label	0
773	808	1	0	edge_label	0
196	8	1	0	edge_label	0
242	71	1	0	edge_label	0
582	81	1	0	edge_label	0
645	407	1	0	edge_label	0
776	183	1	0	edge_label	0
351	8	1	0	edge_label	0
259	759	1	0	edge_label	0
682	619	1	0	edge_label	0
384	407	1	0	edge_label	0
938	813	1	0	edge_label	0
313	66	1	0	edge_label	0
789	511	1	0	edge_label	0
844	313	1	0	edge_label	0
43	39	1	0	edge_label	0
814	835	1	0	edge_label	0
24	203	1	0	edge_label	0
73	71	1	0	edge_label	0
276	42	1	0	edge_label	0
266	273	1	0	edge_label	0
266	313	1	0	edge_label	0
110	78	1	0	edge_label	0
297	804	1	0	edge_label	0
783	2	1	0	edge_label	0
283	251	1	0	edge_label	0
32	786	1	0	edge_label	0
188	189	1	0	edge_label	0
255	542	1	0	edge_label	0
252	321	1	0	edge_label	0
9	884	1	0	edge_label	0
71	445	1	0	edge_label	0
648	911	1	0	edge_label	0
578	804	1	0	edge_label	0
597	595	1	0	edge_label	0
505	627	1	0	edge_label	0
229	167	1	0	edge_label	0
564	714	1	0	edge_label	0
142	55	1	0	edge_label	0
722	566	1	0	edge_label	0
222	675	1	0	edge_label	0
548	555	1	0	edge_label	0
438	828	1	0	edge_label	0
79	141	1	0	edge_label	0
63	17	1	0	edge_label	0
386	211	1	0	edge_label	0
816	817	1	0	edge_label	0
48	821	1	0	edge_label	0
344	251	1	0	edge_label	0
317	71	1	0	edge_label	0
695	689	1	0	edge_label	0
127	183	1	0	edge_label	0
766	933	1	0	edge_label	0
314	352	1	0	edge_label	0
851	360	1	0	edge_label	0
689	134	1	0	edge_label	0
752	835	1	0	edge_label	0
292	323	1	0	edge_label	0
501	703	1	0	edge_label	0
94	32	1	0	edge_label	0
570	64	1	0	edge_label	0
829	453	1	0	edge_label	0
129	511	1	0	edge_label	0
101	273	1	0	edge_label	0
206	566	1	0	edge_label	0
347	829	1	0	edge_label	0
127	641	1	0	edge_label	0
226	237	1	0	edge_label	0
477	464	1	0	edge_label	0
516	26	1	0	edge_label	0
691	573	1	0	edge_label	0
189	63	1	0	edge_label	0
313	195	1	0	edge_label	0
251	226	1	0	edge_label	0
679	407	1	0	edge_label	0
626	535	1	0	edge_label	0
277	266	1	0	edge_label	0
407	446	1	0	edge_label	0
9	759	1	0	edge_label	0
32	533	1	0	edge_label	0
11	43	1	0	edge_label	0
241	571	1	0	edge_label	0
313	548	1	0	edge_label	0
9	40	1	0	edge_label	0
929	648	1	0	edge_label	0
547	548	1	0	edge_label	0
149	210	1	0	edge_label	0
501	57	1	0	edge_label	0
392	79	1	0	edge_label	0
71	509	1	0	edge_label	0
258	754	1	0	edge_label	0
954	407	1	0	edge_label	0
914	664	1	0	edge_label	0
134	133	1	0	edge_label	0
797	344	1	0	edge_label	0
351	101	1	0	edge_label	0
657	551	1	0	edge_label	0
415	11	1	0	edge_label	0
113	98	1	0	edge_label	0
604	526	1	0	edge_label	0
222	223	1	0	edge_label	0
48	767	1	0	edge_label	0
142	82	1	0	edge_label	0
8	101	1	0	edge_label	0
39	273	1	0	edge_label	0
9	305	1	0	edge_label	0
9	259	1	0	edge_label	0
70	134	1	0	edge_label	0
446	630	1	0	edge_label	0
195	71	1	0	edge_label	0
109	63	1	0	edge_label	0
859	485	1	0	edge_label	0
711	527	1	0	edge_label	0
51	176	1	0	edge_label	0
270	269	1	0	edge_label	0
351	355	1	0	edge_label	0
300	645	1	0	edge_label	0
1	282	1	0	edge_label	0
752	783	1	0	edge_label	0
285	97	1	0	edge_label	0
145	407	1	0	edge_label	0
78	316	1	0	edge_label	0
564	78	1	0	edge_label	0
101	762	1	0	edge_label	0
8	273	1	0	edge_label	0
501	539	1	0	edge_label	0
613	17	1	0	edge_label	0
4	66	1	0	edge_label	0
1	8	1	0	edge_label	0
11	758	1	0	edge_label	0
754	752	1	0	edge_label	0
516	63	1	0	edge_label	0
573	501	1	0	edge_label	0
151	636	1	0	edge_label	0
540	539	1	0	edge_label	0
844	929	1	0	edge_label	0
8	26	1	0	edge_label	0
526	540	1	0	edge_label	0
251	688	1	0	edge_label	0
523	158	1	0	edge_label	0
407	286	1	0	edge_label	0
133	508	1	0	edge_label	0
164	383	1	0	edge_label	0
744	949	1	0	edge_label	0
164	167	1	0	edge_label	0
535	542	1	0	edge_label	0
133	380	1	0	edge_label	0
505	509	1	0	edge_label	0
54	550	1	0	edge_label	0
222	97	1	0	edge_label	0
300	307	1	0	edge_label	0
219	595	1	0	edge_label	0
595	582	1	0	edge_label	0
173	658	1	0	edge_label	0
317	67	1	0	edge_label	0
425	267	1	0	edge_label	0
144	536	1	0	edge_label	0
629	626	1	0	edge_label	0
274	460	1	0	edge_label	0
40	594	1	0	edge_label	0
97	610	1	0	edge_label	0
866	758	1	0	edge_label	0
1	36	1	0	edge_label	0
324	192	1	0	edge_label	0
188	578	1	0	edge_label	0
345	324	1	0	edge_label	0
160	636	1	0	edge_label	0
198	4	1	0	edge_label	0
23	620	1	0	edge_label	0
70	23	1	0	edge_label	0
245	204	1	0	edge_label	0
501	570	1	0	edge_label	0
509	698	1	0	edge_label	0
783	751	1	0	edge_label	0
2	790	1	0	edge_label	0
767	945	1	0	edge_label	0
336	805	1	0	edge_label	0
301	66	1	0	edge_label	0
703	213	1	0	edge_label	0
508	70	1	0	edge_label	0
564	574	1	0	edge_label	0
157	226	1	0	edge_label	0
908	160	1	0	edge_label	0
792	604	1	0	edge_label	0
2	313	1	0	edge_label	0
47	116	1	0	edge_label	0
113	71	1	0	edge_label	0
776	542	1	0	edge_label	0
509	386	1	0	edge_label	0
167	657	1	0	edge_label	0
367	70	1	0	edge_label	0
801	51	1	0	edge_label	0
509	696	1	0	edge_label	0
719	627	1	0	edge_label	0
722	238	1	0	edge_label	0
766	47	1	0	edge_label	0
241	430	1	0	edge_label	0
899	439	1	0	edge_label	0
152	392	1	0	edge_label	0
259	55	1	0	edge_label	0
276	285	1	0	edge_label	0
758	886	1	0	edge_label	0
94	438	1	0	edge_label	0
517	516	1	0	edge_label	0
141	160	1	0	edge_label	0
547	172	1	0	edge_label	0
821	102	1	0	edge_label	0
922	254	1	0	edge_label	0
305	805	1	0	edge_label	0
339	441	1	0	edge_label	0
547	297	1	0	edge_label	0
505	504	1	0	edge_label	0
807	792	1	0	edge_label	0
269	276	1	0	edge_label	0
5	129	1	0	edge_label	0
380	50	1	0	edge_label	0
595	101	1	0	edge_label	0
79	377	1	0	edge_label	0
720	680	1	0	edge_label	0
234	453	1	0	edge_label	0
23	570	1	0	edge_label	0
113	112	1	0	edge_label	0
472	448	1	0	edge_label	0
27	245	1	0	edge_label	0
759	274	1	0	edge_label	0
63	85	1	0	edge_label	0
502	270	1	0	edge_label	0
595	517	1	0	edge_label	0
445	961	1	0	edge_label	0
402	88	1	0	edge_label	0
2	109	1	0	edge_label	0
460	359	1	0	edge_label	0
43	862	1	0	edge_label	0
43	74	1	0	edge_label	0
120	58	1	0	edge_label	0
266	879	1	0	edge_label	0
633	629	1	0	edge_label	0
222	234	1	0	edge_label	0
172	304	1	0	edge_label	0
380	274	1	0	edge_label	0
277	8	1	0	edge_label	0
543	598	1	0	edge_label	0
160	133	1	0	edge_label	0
533	94	1	0	edge_label	0
563	567	1	0	edge_label	0
2	94	1	0	edge_label	0
50	175	1	0	edge_label	0
408	290	1	0	edge_label	0
63	94	1	0	edge_label	0
679	866	1	0	edge_label	0
95	429	1	0	edge_label	0
351	195	1	0	edge_label	0
563	535	1	0	edge_label	0
769	676	1	0	edge_label	0
953	594	1	0	edge_label	0
504	254	1	0	edge_label	0
579	101	1	0	edge_label	0
219	445	1	0	edge_label	0
88	5	1	0	edge_label	0
180	195	1	0	edge_label	0
11	527	1	0	edge_label	0
547	33	1	0	edge_label	0
710	651	1	0	edge_label	0
259	2	1	0	edge_label	0
848	969	1	0	edge_label	0
161	360	1	0	edge_label	0
36	35	1	0	edge_label	0
129	891	1	0	edge_label	0
401	922	1	0	edge_label	0
945	441	1	0	edge_label	0
74	73	1	0	edge_label	0
251	5	1	0	edge_label	0
813	563	1	0	edge_label	0
648	8	1	0	edge_label	0
259	266	1	0	edge_label	0
776	636	1	0	edge_label	0
917	782	1	0	edge_label	0
251	63	1	0	edge_label	0
657	142	1	0	edge_label	0
16	23	1	0	edge_label	0
314	399	1	0	edge_label	0
102	508	1	0	edge_label	0
24	151	1	0	edge_label	0
777	270	1	0	edge_label	0
426	277	1	0	edge_label	0
502	145	1	0	edge_label	0
823	4	1	0	edge_label	0
508	567	1	0	edge_label	0
876	877	1	0	edge_label	0
133	258	1	0	edge_label	0
410	285	1	0	edge_label	0
345	892	1	0	edge_label	0
813	820	1	0	edge_label	0
769	50	1	0	edge_label	0
158	110	1	0	edge_label	0
110	43	1	0	edge_label	0
97	536	1	0	edge_label	0
161	676	1	0	edge_label	0
823	667	1	0	edge_label	0
63	64	1	0	edge_label	0
414	195	1	0	edge_label	0
54	786	1	0	edge_label	0
323	570	1	0	edge_label	0
40	179	1	0	edge_label	0
908	283	1	0	edge_label	0
167	161	1	0	edge_label	0
16	751	1	0	edge_label	0
585	210	1	0	edge_label	0
566	604	1	0	edge_label	0
930	555	1	0	edge_label	0
117	86	1	0	edge_label	0
66	105	1	0	edge_label	0
78	588	1	0	edge_label	0
26	524	1	0	edge_label	0
979	19	1	0	edge_label	0
688	207	1	0	edge_label	0
866	698	1	0	edge_label	0
274	754	1	0	edge_label	0
942	199	1	0	edge_label	0
213	105	1	0	edge_label	0
939	64	1	0	edge_label	0
23	679	1	0	edge_label	0
144	626	1	0	edge_label	0
323	948	1	0	edge_label	0
719	502	1	0	edge_label	0
626	376	1	0	edge_label	0
386	383	1	0	edge_label	0
127	32	1	0	edge_label	0
664	335	1	0	edge_label	0
285	33	1	0	edge_label	0
594	222	1	0	edge_label	0
488	301	1	0	edge_label	0
204	331	1	0	edge_label	0
679	141	1	0	edge_label	0
321	929	1	0	edge_label	0
399	939	1	0	edge_label	0
23	273	1	0	edge_label	0
672	922	1	0	edge_label	0
667	726	1	0	edge_label	0
626	641	1	0	edge_label	0
158	730	1	0	edge_label	0
223	954	1	0	edge_label	0
445	321	1	0	edge_label	0
126	714	1	0	edge_label	0
145	130	1	0	edge_label	0
727	554	1	0	edge_label	0
269	453	1	0	edge_label	0
675	173	1	0	edge_label	0
880	595	1	0	edge_label	0
11	42	1	0	edge_label	0
229	39	1	0	edge_label	0
286	292	1	0	edge_label	0
648	16	1	0	edge_label	0
266	109	1	0	edge_label	0
210	571	1	0	edge_label	0
94	105	1	0	edge_label	0
636	157	1	0	edge_label	0
144	165	1	0	edge_label	0
898	300	1	0	edge_label	0
338	831	1	0	edge_label	0
259	313	1	0	edge_label	0
192	168	1	0	edge_label	0
945	720	1	0	edge_label	0
4	355	1	0	edge_label	0
63	203	1	0	edge_label	0
314	383	1	0	edge_label	0
254	438	1	0	edge_label	0
461	79	1	0	edge_label	0
261	63	1	0	edge_label	0
206	129	1	0	edge_label	0
11	129	1	0	edge_label	0
633	891	1	0	edge_label	0
395	386	1	0	edge_label	0
567	589	1	0	edge_label	0
297	367	1	0	edge_label	0
102	329	1	0	edge_label	0
548	543	1	0	edge_label	0
23	526	1	0	edge_label	0
438	782	1	0	edge_label	0
582	241	1	0	edge_label	0
517	752	1	0	edge_label	0
508	539	1	0	edge_label	0
351	282	1	0	edge_label	0
752	79	1	0	edge_label	0
17	252	1	0	edge_label	0
290	33	1	0	edge_label	0
35	144	1	0	edge_label	0
533	782	1	0	edge_label	0
133	652	1	0	edge_label	0
300	351	1	0	edge_label	0
1	504	1	0	edge_label	0
555	602	1	0	edge_label	0
254	251	1	0	edge_label	0
4	5	1	0	edge_label	0
954	695	1	0	edge_label	0
411	12	1	0	edge_label	0
130	630	1	0	edge_label	0
4	127	1	0	edge_label	0
266	70	1	0	edge_label	0
42	407	1	0	edge_label	0
675	1	1	0	edge_label	0
359	369	1	0	edge_label	0
519	582	1	0	edge_label	0
39	85	1	0	edge_label	0
376	282	1	0	edge_label	0
95	85	1	0	edge_label	0
578	234	1	0	edge_label	0
783	407	1	0	edge_label	0
379	323	1	0	edge_label	0
414	320	1	0	edge_label	0
74	165	1	0	edge_label	0
82	64	1	0	edge_label	0
813	751	1	0	edge_label	0
157	164	1	0	edge_label	0
204	207	1	0	edge_label	0
259	539	1	0	edge_label	0
24	179	1	0	edge_label	0
463	454	1	0	edge_label	0
109	616	1	0	edge_label	0
116	32	1	0	edge_label	0
692	880	1	0	edge_label	0
126	391	1	0	edge_label	0
252	266	1	0	edge_label	0
762	196	1	0	edge_label	0
274	398	1	0	edge_label	0
376	963	1	0	edge_label	0
571	574	1	0	edge_label	0
660	636	1	0	edge_label	0
70	251	1	0	edge_label	0
274	504	1	0	edge_label	0
899	266	1	0	edge_label	0
734	134	1	0	edge_label	0
517	527	1	0	edge_label	0
152	710	1	0	edge_label	0
165	392	1	0	edge_label	0
847	344	1	0	edge_label	0
142	141	1	0	edge_label	0
660	274	1	0	edge_label	0
251	790	1	0	edge_label	0
438	109	1	0	edge_label	0
706	81	1	0	edge_label	0
384	641	1	0	edge_label	0
880	407	1	0	edge_label	0
4	293	1	0	edge_label	0
2	254	1	0	edge_label	0
2	63	1	0	edge_label	0
241	601	1	0	edge_label	0
188	844	1	0	edge_label	0
533	9	1	0	edge_label	0
501	585	1	0	edge_label	0
832	835	1	0	edge_label	0
16	167	1	0	edge_label	0
563	777	1	0	edge_label	0
305	543	1	0	edge_label	0
970	699	1	0	edge_label	0
19	460	1	0	edge_label	0
188	102	1	0	edge_label	0
504	66	1	0	edge_label	0
17	2	1	0	edge_label	0
519	355	1	0	edge_label	0
89	191	1	0	edge_label	0
519	439	1	0	edge_label	0
88	331	1	0	edge_label	0
17	363	1	0	edge_label	0
167	523	1	0	edge_label	0
399	430	1	0	edge_label	0
392	377	1	0	edge_label	0
81	898	1	0	edge_label	0
251	616	1	0	edge_label	0
751	251	1	0	edge_label	0
539	40	1	0	edge_label	0
33	55	1	0	edge_label	0
109	179	1	0	edge_label	0
129	203	1	0	edge_label	0
377	782	1	0	edge_label	0
441	167	1	0	edge_label	0
39	40	1	0	edge_label	0
954	845	1	0	edge_label	0
314	191	1	0	edge_label	0
505	524	1	0	edge_label	0
168	433	1	0	edge_label	0
391	141	1	0	edge_label	0
362	737	1	0	edge_label	0
689	649	1	0	edge_label	0
116	305	1	0	edge_label	0
476	134	1	0	edge_label	0
798	547	1	0	edge_label	0
292	11	1	0	edge_label	0
502	24	1	0	edge_label	0
792	789	1	0	edge_label	0
40	627	1	0	edge_label	0
126	134	1	0	edge_label	0
808	917	1	0	edge_label	0
351	789	1	0	edge_label	0
539	536	1	0	edge_label	0
501	847	1	0	edge_label	0
883	9	1	0	edge_label	0
972	910	1	0	edge_label	0
39	289	1	0	edge_label	0
532	789	1	0	edge_label	0
769	112	1	0	edge_label	0
417	379	1	0	edge_label	0
23	149	1	0	edge_label	0
595	939	1	0	edge_label	0
704	954	1	0	edge_label	0
457	800	1	0	edge_label	0
252	883	1	0	edge_label	0
78	307	1	0	edge_label	0
979	165	1	0	edge_label	0
627	418	1	0	edge_label	0
35	112	1	0	edge_label	0
566	67	1	0	edge_label	0
160	535	1	0	edge_label	0
891	641	1	0	edge_label	0
391	252	1	0	edge_label	0
579	48	1	0	edge_label	0
141	484	1	0	edge_label	0
363	860	1	0	edge_label	0
101	48	1	0	edge_label	0
219	657	1	0	edge_label	0
145	380	1	0	edge_label	0
581	126	1	0	edge_label	0
633	1	1	0	edge_label	0
313	71	1	0	edge_label	0
383	422	1	0	edge_label	0
610	524	1	0	edge_label	0
244	98	1	0	edge_label	0
117	252	1	0	edge_label	0
547	755	1	0	edge_label	0
891	399	1	0	edge_label	0
504	636	1	0	edge_label	0
754	290	1	0	edge_label	0
109	300	1	0	edge_label	0
11	391	1	0	edge_label	0
251	40	1	0	edge_label	0
148	16	1	0	edge_label	0
408	433	1	0	edge_label	0
563	688	1	0	edge_label	0
219	63	1	0	edge_label	0
609	85	1	0	edge_label	0
567	505	1	0	edge_label	0
78	66	1	0	edge_label	0
894	820	1	0	edge_label	0
133	151	1	0	edge_label	0
360	548	1	0	edge_label	0
586	714	1	0	edge_label	0
519	505	1	0	edge_label	0
74	386	1	0	edge_label	0
505	533	1	0	edge_label	0
597	348	1	0	edge_label	0
285	307	1	0	edge_label	0
824	839	1	0	edge_label	0
675	957	1	0	edge_label	0
316	182	1	0	edge_label	0
2	48	1	0	edge_label	0
828	344	1	0	edge_label	0
710	703	1	0	edge_label	0
616	523	1	0	edge_label	0
554	540	1	0	edge_label	0
313	564	1	0	edge_label	0
751	292	1	0	edge_label	0
727	884	1	0	edge_label	0
415	157	1	0	edge_label	0
183	176	1	0	edge_label	0
502	255	1	0	edge_label	0
39	129	1	0	edge_label	0
35	19	1	0	edge_label	0
658	673	1	0	edge_label	0
133	261	1	0	edge_label	0
770	48	1	0	edge_label	0
1	35	1	0	edge_label	0
102	548	1	0	edge_label	0
55	258	1	0	edge_label	0
688	713	1	0	edge_label	0
161	145	1	0	edge_label	0
642	244	1	0	edge_label	0
254	282	1	0	edge_label	0
386	136	1	0	edge_label	0
923	51	1	0	edge_label	0
293	262	1	0	edge_label	0
814	817	1	0	edge_label	0
133	629	1	0	edge_label	0
782	785	1	0	edge_label	0
876	134	1	0	edge_label	0
211	151	1	0	edge_label	0
157	235	1	0	edge_label	0
211	89	1	0	edge_label	0
95	141	1	0	edge_label	0
157	460	1	0	edge_label	0
509	855	1	0	edge_label	0
66	36	1	0	edge_label	0
745	206	1	0	edge_label	0
876	910	1	0	edge_label	0
512	509	1	0	edge_label	0
789	9	1	0	edge_label	0
487	144	1	0	edge_label	0
854	886	1	0	edge_label	0
860	297	1	0	edge_label	0
759	214	1	0	edge_label	0
23	797	1	0	edge_label	0
729	4	1	0	edge_label	0
157	12	1	0	edge_label	0
884	453	1	0	edge_label	0
79	457	1	0	edge_label	0
604	109	1	0	edge_label	0
351	32	1	0	edge_label	0
136	20	1	0	edge_label	0
844	984	1	0	edge_label	0
32	35	1	0	edge_label	0
11	16	1	0	edge_label	0
516	508	1	0	edge_label	0
19	67	1	0	edge_label	0
644	651	1	0	edge_label	0
50	85	1	0	edge_label	0
699	564	1	0	edge_label	0
11	540	1	0	edge_label	0
581	777	1	0	edge_label	0
164	136	1	0	edge_label	0
262	817	1	0	edge_label	0
290	824	1	0	edge_label	0
255	48	1	0	edge_label	0
398	127	1	0	edge_label	0
543	40	1	0	edge_label	0
43	5	1	0	edge_label	0
672	680	1	0	edge_label	0
74	64	1	0	edge_label	0
362	254	1	0	edge_label	0
188	344	1	0	edge_label	0
203	204	1	0	edge_label	0
392	71	1	0	edge_label	0
20	395	1	0	edge_label	0
277	16	1	0	edge_label	0
563	566	1	0	edge_label	0
547	47	1	0	edge_label	0
366	367	1	0	edge_label	0
88	192	1	0	edge_label	0
848	345	1	0	edge_label	0
524	86	1	0	edge_label	0
191	210	1	0	edge_label	0
383	790	1	0	edge_label	0
35	158	1	0	edge_label	0
923	892	1	0	edge_label	0
384	392	1	0	edge_label	0
355	1	1	0	edge_label	0
883	852	1	0	edge_label	0
81	411	1	0	edge_label	0
105	196	1	0	edge_label	0
883	876	1	0	edge_label	0
886	948	1	0	edge_label	0
102	160	1	0	edge_label	0
79	439	1	0	edge_label	0
110	102	1	0	edge_label	0
88	804	1	0	edge_label	0
386	304	1	0	edge_label	0
120	117	1	0	edge_label	0
292	119	1	0	edge_label	0
570	698	1	0	edge_label	0
821	9	1	0	edge_label	0
1	47	1	0	edge_label	0
188	127	1	0	edge_label	0
191	112	1	0	edge_label	0
198	161	1	0	edge_label	0
782	813	1	0	edge_label	0
267	48	1	0	edge_label	0
8	40	1	0	edge_label	0
564	17	1	0	edge_label	0
422	79	1	0	edge_label	0
321	289	1	0	edge_label	0
366	292	1	0	edge_label	0
511	751	1	0	edge_label	0
362	81	1	0	edge_label	0
157	407	1	0	edge_label	0
516	484	1	0	edge_label	0
644	737	1	0	edge_label	0
101	32	1	0	edge_label	0
399	964	1	0	edge_label	0
266	398	1	0	edge_label	0
196	627	1	0	edge_label	0
722	126	1	0	edge_label	0
540	508	1	0	edge_label	0
126	66	1	0	edge_label	0
16	63	1	0	edge_label	0
324	254	1	0	edge_label	0
699	399	1	0	edge_label	0
734	695	1	0	edge_label	0
391	266	1	0	edge_label	0
26	328	1	0	edge_label	0
813	969	1	0	edge_label	0
415	133	1	0	edge_label	0
501	252	1	0	edge_label	0
688	691	1	0	edge_label	0
313	813	1	0	edge_label	0
407	907	1	0	edge_label	0
563	463	1	0	edge_label	0
648	649	1	0	edge_label	0
199	74	1	0	edge_label	0
926	17	1	0	edge_label	0
915	168	1	0	edge_label	0
667	542	1	0	edge_label	0
573	814	1	0	edge_label	0
814	117	1	0	edge_label	0
585	101	1	0	edge_label	0
519	335	1	0	edge_label	0
564	558	1	0	edge_label	0
976	714	1	0	edge_label	0
230	102	1	0	edge_label	0
641	4	1	0	edge_label	0
823	479	1	0	edge_label	0
329	829	1	0	edge_label	0
629	636	1	0	edge_label	0
16	805	1	0	edge_label	0
519	501	1	0	edge_label	0
223	595	1	0	edge_label	0
502	595	1	0	edge_label	0
97	573	1	0	edge_label	0
11	74	1	0	edge_label	0
251	938	1	0	edge_label	0
293	370	1	0	edge_label	0
149	127	1	0	edge_label	0
376	380	1	0	edge_label	0
127	126	1	0	edge_label	0
19	516	1	0	edge_label	0
35	104	1	0	edge_label	0
338	754	1	0	edge_label	0
398	683	1	0	edge_label	0
230	245	1	0	edge_label	0
445	94	1	0	edge_label	0
66	191	1	0	edge_label	0
182	399	1	0	edge_label	0
351	354	1	0	edge_label	0
9	36	1	0	edge_label	0
633	509	1	0	edge_label	0
487	198	1	0	edge_label	0
995	956	1	0	edge_label	0
501	627	1	0	edge_label	0
81	682	1	0	edge_label	0
64	524	1	0	edge_label	0
446	298	1	0	edge_label	0
23	134	1	0	edge_label	0
387	12	1	0	edge_label	0
735	173	1	0	edge_label	0
33	798	1	0	edge_label	0
680	536	1	0	edge_label	0
254	63	1	0	edge_label	0
422	48	1	0	edge_label	0
141	126	1	0	edge_label	0
12	133	1	0	edge_label	0
313	251	1	0	edge_label	0
289	192	1	0	edge_label	0
845	847	1	0	edge_label	0
844	719	1	0	edge_label	0
586	829	1	0	edge_label	0
148	23	1	0	edge_label	0
94	109	1	0	edge_label	0
369	433	1	0	edge_label	0
352	509	1	0	edge_label	0
908	509	1	0	edge_label	0
752	254	1	0	edge_label	0
26	23	1	0	edge_label	0
16	929	1	0	edge_label	0
581	578	1	0	edge_label	0
377	161	1	0	edge_label	0
386	192	1	0	edge_label	0
32	33	1	0	edge_label	0
845	790	1	0	edge_label	0
585	563	1	0	edge_label	0
439	320	1	0	edge_label	0
33	292	1	0	edge_label	0
395	433	1	0	edge_label	0
367	954	1	0	edge_label	0
286	98	1	0	edge_label	0
501	508	1	0	edge_label	0
338	581	1	0	edge_label	0
64	79	1	0	edge_label	0
410	286	1	0	edge_label	0
641	558	1	0	edge_label	0
679	758	1	0	edge_label	0
51	338	1	0	edge_label	0
407	415	1	0	edge_label	0
48	251	1	0	edge_label	0
129	130	1	0	edge_label	0
633	386	1	0	edge_label	0
532	39	1	0	edge_label	0
610	578	1	0	edge_label	0
78	47	1	0	edge_label	0
339	120	1	0	edge_label	0
783	657	1	0	edge_label	0
448	73	1	0	edge_label	0
414	649	1	0	edge_label	0
258	130	1	0	edge_label	0
542	550	1	0	edge_label	0
460	79	1	0	edge_label	0
270	188	1	0	edge_label	0
835	774	1	0	edge_label	0
157	384	1	0	edge_label	0
85	776	1	0	edge_label	0
860	737	1	0	edge_label	0
535	20	1	0	edge_label	0
57	660	1	0	edge_label	0
696	730	1	0	edge_label	0
984	379	1	0	edge_label	0
32	20	1	0	edge_label	0
648	148	1	0	edge_label	0
219	691	1	0	edge_label	0
145	192	1	0	edge_label	0
776	836	1	0	edge_label	0
831	79	1	0	edge_label	0
720	508	1	0	edge_label	0
47	797	1	0	edge_label	0
941	566	1	0	edge_label	0
762	917	1	0	edge_label	0
191	582	1	0	edge_label	0
379	448	1	0	edge_label	0
81	581	1	0	edge_label	0
97	4	1	0	edge_label	0
512	89	1	0	edge_label	0
922	860	1	0	edge_label	0
229	668	1	0	edge_label	0
160	191	1	0	edge_label	0
776	792	1	0	edge_label	0
39	473	1	0	edge_label	0
883	316	1	0	edge_label	0
557	527	1	0	edge_label	0
42	136	1	0	edge_label	0
766	414	1	0	edge_label	0
698	137	1	0	edge_label	0
50	55	1	0	edge_label	0
395	457	1	0	edge_label	0
261	254	1	0	edge_label	0
133	164	1	0	edge_label	0
923	282	1	0	edge_label	0
383	384	1	0	edge_label	0
152	610	1	0	edge_label	0
35	206	1	0	edge_label	0
688	722	1	0	edge_label	0
206	651	1	0	edge_label	0
191	706	1	0	edge_label	0
564	283	1	0	edge_label	0
695	414	1	0	edge_label	0
509	571	1	0	edge_label	0
526	151	1	0	edge_label	0
261	386	1	0	edge_label	0
203	266	1	0	edge_label	0
130	502	1	0	edge_label	0
63	633	1	0	edge_label	0
504	555	1	0	edge_label	0
703	64	1	0	edge_label	0
564	786	1	0	edge_label	0
17	113	1	0	edge_label	0
51	50	1	0	edge_label	0
567	136	1	0	edge_label	0
157	129	1	0	edge_label	0
81	570	1	0	edge_label	0
376	407	1	0	edge_label	0
620	714	1	0	edge_label	0
141	439	1	0	edge_label	0
626	532	1	0	edge_label	0
54	376	1	0	edge_label	0
63	40	1	0	edge_label	0
39	116	1	0	edge_label	0
258	259	1	0	edge_label	0
55	12	1	0	edge_label	0
797	767	1	0	edge_label	0
67	582	1	0	edge_label	0
505	758	1	0	edge_label	0
2	563	1	0	edge_label	0
946	918	1	0	edge_label	0
835	367	1	0	edge_label	0
594	95	1	0	edge_label	0
66	348	1	0	edge_label	0
548	609	1	0	edge_label	0
266	527	1	0	edge_label	0
601	442	1	0	edge_label	0
792	270	1	0	edge_label	0
64	2	1	0	edge_label	0
8	386	1	0	edge_label	0
695	595	1	0	edge_label	0
113	828	1	0	edge_label	0
274	980	1	0	edge_label	0
175	133	1	0	edge_label	0
1	9	1	0	edge_label	0
245	244	1	0	edge_label	0
711	742	1	0	edge_label	0
66	582	1	0	edge_label	0
441	691	1	0	edge_label	0
766	917	1	0	edge_label	0
258	782	1	0	edge_label	0
86	954	1	0	edge_label	0
626	508	1	0	edge_label	0
148	195	1	0	edge_label	0
620	995	1	0	edge_label	0
226	191	1	0	edge_label	0
227	164	1	0	edge_label	0
222	464	1	0	edge_label	0
297	425	1	0	edge_label	0
660	726	1	0	edge_label	0
464	457	1	0	edge_label	0
292	97	1	0	edge_label	0
892	17	1	0	edge_label	0
35	219	1	0	edge_label	0
172	673	1	0	edge_label	0
410	930	1	0	edge_label	0
876	12	1	0	edge_label	0
472	438	1	0	edge_label	0
191	698	1	0	edge_label	0
630	502	1	0	edge_label	0
542	32	1	0	edge_label	0
535	792	1	0	edge_label	0
410	35	1	0	edge_label	0
512	317	1	0	edge_label	0
387	380	1	0	edge_label	0
78	391	1	0	edge_label	0
196	945	1	0	edge_label	0
626	688	1	0	edge_label	0
313	70	1	0	edge_label	0
258	276	1	0	edge_label	0
292	502	1	0	edge_label	0
519	425	1	0	edge_label	0
292	907	1	0	edge_label	0
727	658	1	0	edge_label	0
379	898	1	0	edge_label	0
441	439	1	0	edge_label	0
665	876	1	0	edge_label	0
321	259	1	0	edge_label	0
376	751	1	0	edge_label	0
20	19	1	0	edge_label	0
423	769	1	0	edge_label	0
314	469	1	0	edge_label	0
161	172	1	0	edge_label	0
97	67	1	0	edge_label	0
432	727	1	0	edge_label	0
938	523	1	0	edge_label	0
867	86	1	0	edge_label	0
941	316	1	0	edge_label	0
251	23	1	0	edge_label	0
502	769	1	0	edge_label	0
863	97	1	0	edge_label	0
386	4	1	0	edge_label	0
429	667	1	0	edge_label	0
867	852	1	0	edge_label	0
17	505	1	0	edge_label	0
160	658	1	0	edge_label	0
533	40	1	0	edge_label	0
688	579	1	0	edge_label	0
136	105	1	0	edge_label	0
16	886	1	0	edge_label	0
519	604	1	0	edge_label	0
508	509	1	0	edge_label	0
376	254	1	0	edge_label	0
292	532	1	0	edge_label	0
363	869	1	0	edge_label	0
283	158	1	0	edge_label	0
39	516	1	0	edge_label	0
